LINK EDITAL,Etapa
https://portal.pipefy.com/243d48ab-7c15-4b89-9d45-d9f37f817a1e,Operação
http://acolabam-com-br-1.rds.land/smartventures,Operação
https://agrostart.basf.com/,Validação
https://www.doen.nl/en/applications,Ideação
https://www.elo.com.br/inovacao/elo-conecta,Ideação
https://embrapii.org.br/parceria-bndes/,Operação
https://openinnovability.enel.com/projects/energy-storage-systems,Ideação
http://www.finep.gov.br/chamadas-publicas/chamadapublica/687,Ideação
http://www.finep.gov.br/apoio-e-financiamento-externa/programas-e-linhas/finep-startup,Tração
http://www.finep.gov.br/chamadas-publicas/chamadapublica/688,Validação
http://www.finep.gov.br/chamadas-publicas/chamadapublica/675,Ideação
https://www.imagineh2o.org/startups-register/,Operação
https://www.f6s.com/mastercardstartpathglobal/apply,Operação
https://www.natura.com.br/startups,Ideação
https://plataforma.editaldeinovacao.com.br/,Ideação
https://br.pg.com/inovacao/,Operação
https://www.portaldaindustria.com.br/canais/plataforma-inovacao-para-a-industria/categorias/smart-factory/,Ideação
\\nasrvfpspw02as\ugf$\2. GERENCIA\Relatórios Edinei\Rascunho Relatórios\Programa Sebrae + Receitas\Radar de Oportunidades\Boletim de Oportunidades\www.plataforma.editaldeinovacao.com.br,Ideação
https://www.portaldaindustria.com.br/canais/plataforma-inovacao-para-a-industria/categorias/startup-tech/,Ideação
https://www.portaldaindustria.com.br/canais/plataforma-inovacao-para-a-industria/categorias/smart-factory/,Operação
https://myif.ifdesign.com/,Operação
https://apply.ruffordsmallgrants.org/,Ideação
https://vetorag.com.br/,Operação
https://docs.google.com/forms/d/e/1FAIpQLSc_PlGL5W6JcfWC7WqEFDm80PrNhqWplHvRK8zATDEK5sTnaw/viewform,Operação
https://investepiaui.com/inscricao-startup-piaui/,Operação
https://developer.mastercard.com/programs/start-path-global/,Operação
https://startup.google.com/intl/pt-BR/programs/black-founders-fund/brazil/,Operação
https://cloud.google.com/startup?hl=pt-br,Operação
https://www.darwinstartups.com/inscricoes,Operação
https://www.eretz.bio/incubacao/,Operação
https://foundershub.startups.microsoft.com/signup,Operação
https://aws.amazon.com/startups?lang=pt-BR,Ideação
https://oxigenioaceleradora.com.br/,Tração
https://www.changex.org/br/scale-your-idea,Validação